id,target
Qt1fGUB0Vz.jpeg,0.5
j4Rhioq7R3.jpeg,0.5
rD0hgFHJUZ.jpeg,0.5
aY5z1EJsJ6.jpeg,0.5
qZ3IoxD2TE.jpeg,0.5
BOFtxEERkV.jpeg,0.5
9hqOXpYGbK.jpeg,0.5
BhA8T8Ij32.jpeg,0.5
rXexUH9dCM.jpeg,0.5
RdYDVBxwvq.jpeg,0.5
8iV3hx6XAj.jpeg,0.5
aleXj7h7JP.jpeg,0.5
RVoqYx4fJQ.jpeg,0.5
hHjoWRshoP.jpeg,0.5
yt9GwWtzr8,0.5
IHSw9S145d.jpeg,0.5
6TDyS6kEN5,0.5
SnqrAkeuoR.jpeg,0.5
qMYFA0362c.jpeg,0.5
qu9Fy9JSTI.jpeg,0.5
C6F1TgBtUF.jpeg,0.5
1WXHpfzzMR,0.5
K4Up1TZUzr.jpeg,0.5
I4zUha5aN2,0.5
9RcLqe8IL0,0.5
owbU2PLVvj.jpeg,0.5
BbnCzR9WmU.jpeg,0.5
9hEvvkphC0.jpeg,0.5
wCtgGW3hJY.jpeg,0.5
BI4OMtn1TV.jpeg,0.5
veiMOrSUGs.jpeg,0.5
0SSwUAl04C,0.5
ttYqSuIDlX.jpeg,0.5
uyQOYoZvoi.jpeg,0.5
c4RM6zDGCT.jpeg,0.5
a9WGXGKAs7.jpeg,0.5
Be4yYleKvl.jpeg,0.5
VUlSUkWiyP.jpeg,0.5
qfPjoawQQt.jpeg,0.5
bjOtIg7PxW.jpeg,0.5
bKtwCN3OsO.jpeg,0.5
09Egy0VfTa.jpeg,0.5
tWGnZufeV2,0.5
9KNsL3qq01.jpeg,0.5
2ElVVjcp4a,0.5
ieoJ3UoPFc.jpeg,0.5
A2knaMz6Gf.jpeg,0.5
JcPcU6LY2b.jpeg,0.5
b4bfgPwia6.jpeg,0.5
PxvUp9NTCm.jpeg,0.5
0666kmCAAC.jpeg,0.5
EHC1kBFCRk.jpeg,0.5
JBKIyiD2z0.jpeg,0.5
8Pg60O6jIi.jpeg,0.5
AS88fqPK2c.jpeg,0.5
oGECKjTj5S,0.5
570E66nY4r.jpeg,0.5
S5RZQ9BWeH.jpeg,0.5
zffkE0f037.jpeg,0.5
PdThxA9eWO.jpeg,0.5
fiZ8U0vJvW.jpeg,0.5
aBkArc3xSO.jpeg,0.5
9kDKmUw0QF.jpeg,0.5
K4873kXvtH.jpeg,0.5
W0ElnH5ug1.jpeg,0.5
n4UUdJMSOB.jpeg,0.5
irXtIZPnTX.jpeg,0.5
rWsZ81s18t.jpeg,0.5
IElc1dGMVB.jpeg,0.5
aTSivuPmqy.jpeg,0.5
s55Ui6sheX.jpeg,0.5
rpAbckBrV4.jpeg,0.5
IszVFL8fES.jpeg,0.5
azT1BfFdeX.jpeg,0.5
8Jpd9SLbqd.jpeg,0.5
D1o0PBS4ox,0.5
bmsOUDEAeF.jpeg,0.5
82nuz7VlCN.jpeg,0.5
bhfiAm6e1y.jpeg,0.5
91Ds3oaoqd,0.5
J9FQcKddQs.jpeg,0.5
hLwkySARL1.jpeg,0.5
iVZUU083gm.jpeg,0.5
itCfCmFiX5.jpeg,0.5
74w54BCnc6.jpeg,0.5
runm54HtOv.jpeg,0.5
9bcxdKukar.jpeg,0.5
IVchzEEiNL.jpeg,0.5
VECsvGAENO.jpeg,0.5
R1hy2mf67S.jpeg,0.5
QQaDYoaFUi.jpeg,0.5
BrMnOYrGd4.jpeg,0.5
9rQKqH9Df3.jpeg,0.5
qf31p5XrLJ.jpeg,0.5
qumCTbQKc5.jpeg,0.5
RLgvAq0dV6,0.5
cmHN8qXUKm.jpeg,0.5
cWcWKtlJFu.jpeg,0.5
gG86EJUTDR,0.5
OY3eYcMkVd,0.5
J9X8bPMCqb.jpeg,0.5
b3pdu9OBcM.jpeg,0.5
IUW5tpB0W9.jpeg,0.5
9QZY5ktNH8.jpeg,0.5
B2l8RFqPhF.jpeg,0.5
rWseV8Bi33.jpeg,0.5
Z4cHEBysVe,0.5
3klXb0HDvL.jpeg,0.5
int3NlNL5f.jpeg,0.5
7Y1gMf1Bqf.jpeg,0.5
AAYdmD7mRY.jpeg,0.5
A77zy0E8zG.jpeg,0.5
7YjyLkz1vY.jpeg,0.5
Irh8HGAQ4F.jpeg,0.5
bcgzZgpeBC.jpeg,0.5
AJhvxUoo2W.jpeg,0.5
9FHMwlDBz1.jpeg,0.5
JFG7pC4WsS.jpeg,0.5
JcEPnVZdXG.jpeg,0.5
AgYbJwCtzX.jpeg,0.5
crQtHWgFUr,0.5
iCxXfwIZ7O.jpeg,0.5
SMp2FGHS5D.jpeg,0.5
raiAIeJ9tI.jpeg,0.5
somuqUAAiw.jpeg,0.5
r9fgusZxpG.jpeg,0.5
6SEizYbnpv,0.5
FXlrJgugCl.jpeg,0.5
lVsKZNKAz8,0.5
86jSqrnfva.jpeg,0.5
SDvP2w9cVq.jpeg,0.5
am0fhckwjz.jpeg,0.5
OhYbEFGS4h,0.5
Ge5CPNb8Zh.jpeg,0.5
phBaEIgA3O.jpeg,0.5
rQ4lAGgFLr.jpeg,0.5
kqNd1OPEkG.jpeg,0.5
T1ZGGXHAi1,0.5
ikBfnFWbSk.jpeg,0.5
SH9lhXCQcc.jpeg,0.5
ApPOr23lzd,0.5
3799mntej2,0.5
E641XNxbo9.jpeg,0.5
oQQR8GD9Jo,0.5
iaGyKvUvd6.jpeg,0.5
sWi8BPaL3Z.jpeg,0.5
9341qRzJ4A.jpeg,0.5
2kQdv7QUTR.jpeg,0.5
jxiwyGuGPh.jpeg,0.5
hsi5VQCo2d.jpeg,0.5
AlzRudTj0X.jpeg,0.5
je3wdfauvz.jpeg,0.5
wtLU8hoAz4.jpeg,0.5
j5VSJ21Wx0.jpeg,0.5
IKJzSa0UHc.jpeg,0.5
BEeMouBbFb.jpeg,0.5
Bu8beEifqu.jpeg,0.5
MjSOVP4B8S,0.5
9dI7E0YTJE.jpeg,0.5
hQ1Jtw7tyJ.jpeg,0.5
IKKQy2RDjD.jpeg,0.5
p1karGBQ3q.jpeg,0.5
paHNCd2c4H.jpeg,0.5
pat6BiBBDq.jpeg,0.5
BKrMHLaxSj.jpeg,0.5
S2IDEM3a2Z.jpeg,0.5
JdSMlKmNHE.jpeg,0.5
C8T3yloQvy.jpeg,0.5
9rMGYxyOAA.jpeg,0.5
ai5B7LKlx6.jpeg,0.5
9T9khG03pR.jpeg,0.5
2NgC4tf6eo,0.5
FXmcq8mZeg.jpeg,0.5
BAj8dy1wUJ.jpeg,0.5
TVJ4V2xpWX,0.5
bdBspZysQP.jpeg,0.5
3tHQHDhMT7,0.5
YepW3siOzg,0.5
ZXNUZqQabf.jpeg,0.5
yuqHi9Efpr,0.5
I9w3ySXx05.jpeg,0.5
82kaPlcfzL.jpeg,0.5
ATbsubzP6f.jpeg,0.5
JUnfJDRUpD.jpeg,0.5
77oTuLYXqv.jpeg,0.5
HTY0RYMVxz.jpeg,0.5
9cRk7BkfJz.jpeg,0.5
MZ2twPZR23.jpeg,0.5
i4bJsEjJqg.jpeg,0.5
9K1GjYS1qh.jpeg,0.5
idymabKBqw.jpeg,0.5
SDyptag05n.jpeg,0.5
M4RvUOKIgh,0.5
aLexotfuq7.jpeg,0.5
qbUFeIpFz1.jpeg,0.5
9AHnBH6vgj.jpeg,0.5
OVv4JytFCF.jpeg,0.5
iCLFMrFzx5.jpeg,0.5
PLRgcLVfz2.jpeg,0.5
uHdqGUqmpy,0.5
Hm3lGxGKf7.jpeg,0.5
iLx5LgVAmV.jpeg,0.5
rMmaLNhmil.jpeg,0.5
BOdu5YfzLK.jpeg,0.5
c4955Eb5HC.jpeg,0.5
kUMXlVYVJf.jpeg,0.5
dXDwmTFO5A.jpeg,0.5
5zgwAc5vfr,0.5
PCuD0fYTzL.jpeg,0.5
zD4n97vJAR,0.5
qoYeyfvBqt.jpeg,0.5
ZDksdaao66,0.5
Brvm2iKZJL.jpeg,0.5
ab62U0IAV5,0.5
8wBHB2TVx4.jpeg,0.5
rzvSl1E7Ah.jpeg,0.5
paJnWARii3,0.5
ds00icXk4Y.jpeg,0.5
8Pkbrtd8RL.jpeg,0.5
ryJ6mWBI1x.jpeg,0.5
zYKWQZdgyq.jpeg,0.5
qf7BQJygqc.jpeg,0.5
IiEdwB65YF.jpeg,0.5
sCrhcP5vt9.jpeg,0.5
8YHODZEtR2.jpeg,0.5
qsp32Jrp4e,0.5
qy4jI4P3ab.jpeg,0.5
c7u8iWbWjB.jpeg,0.5
57IlE1lzYI.jpeg,0.5
b7WcdEakJm,0.5
SnrcMd5d0M.jpeg,0.5
JFYTRHDl1C.jpeg,0.5
HTdHSTewXP.jpeg,0.5
dKztxnzSe8.jpeg,0.5
12BdpI6YhU.jpeg,0.5
tp2hAfmf8T,0.5
Lwzmy6qhJb.jpeg,0.5
JAAbX2Wnps,0.5
ANxX0I2VBc,0.5
ATcdG4qzHF.jpeg,0.5
bUBa6ZcQqo.jpeg,0.5
38S6kcmOx0.jpeg,0.5
q5HFUrnjmT.jpeg,0.5
bqbG35uw44.jpeg,0.5
jPPeBYfvo1.jpeg,0.5
RV7Sclmyfx.jpeg,0.5
AXYaDpBBKW,0.5
gHcH6nuIiO.jpeg,0.5
ainT6QMK7Q.jpeg,0.5
RtEckZHQVa.jpeg,0.5
Zy1bvzggtM.jpeg,0.5
bdjaqqw3K5.jpeg,0.5
b7bErXZ8L3,0.5
jVPNzHH0Mi.jpeg,0.5
jMGSpCHJdi.jpeg,0.5
cBtoC3jcIb.jpeg,0.5
KB3LdgxaKa.jpeg,0.5
725wI9d34f,0.5
K8P3Gl55QT.jpeg,0.5
pF6BFZO5Fw.jpeg,0.5
10XHHeBMkG.jpeg,0.5
WaJ9lEydpP.jpeg,0.5
OZdL3rtZ5h.jpeg,0.5
oVFKVMRAAF.jpeg,0.5
QCOhbM1OuD.jpeg,0.5
qo95zUhnvX.jpeg,0.5
hFSPzV3WgY,0.5
RLcazako6j.jpeg,0.5
a2N0EER3Ah.jpeg,0.5
vgAEXMl567,0.5
tgbESJpo8D.jpeg,0.5
66ZTFIsZeg.png,0.5
r6mW4i9Ycg.jpeg,0.5
IimV4wxGpV.jpeg,0.5
av9Esikhoz.jpeg,0.5
AuLc2S4ZaQ.jpeg,0.5
S9za92BJGN.jpeg,0.5
HK4MIOefRQ.jpeg,0.5
s1TNQxX50Z.jpeg,0.5
fObpfVEayO.jpeg,0.5
edjC1MfSN3,0.5
aBjkLjcOgo.jpeg,0.5
SCWkXc3uv5.jpeg,0.5
QpkyRvBHst.jpeg,0.5
hMiDxXDhle.jpeg,0.5
AKTQCtaWi4,0.5
HGqWwsGZG7.jpeg,0.5
11ynarQSJR.jpeg,0.5
BliPI1bD2E.jpeg,0.5
Im1rjXvPFd.jpeg,0.5
iwyEsa6cQX.jpeg,0.5
ADTR05dx8q.jpeg,0.5
pDB2S06L2V.jpeg,0.5
AqMYrMn0dV.jpeg,0.5
s1BvnspFVf.jpeg,0.5
Re3PoOMCoB.jpeg,0.5
Qn6h9PKkcK.jpeg,0.5
XLEN3yCk0m.jpeg,0.5
Ri2xtTtCl0.jpeg,0.5
MPWomZFqNl.jpeg,0.5
v0Wq0lK3JM.jpeg,0.5
fTjaitgAJa.jpeg,0.5
634ZsaNjNZ.jpeg,0.5
SDh7uBHBv9.jpeg,0.5
akmJAIlkml.jpeg,0.5
9Yp2aU54hi.jpeg,0.5
7UkQ9eS1z3.jpeg,0.5
inKBz1uX43.jpeg,0.5
9kC092bhee.jpeg,0.5
527qjeZfRT.jpeg,0.5
aswigVM1HQ.jpeg,0.5
12jVWDxzIa.jpeg,0.5
hLe26j2sFh.jpeg,0.5
05q5J7VWr4,0.5
p5U6ftXabf.jpeg,0.5
csTNsH0hXt.jpeg,0.5
ATUUevo9CW.jpeg,0.5
jMYaoHgFM1.jpeg,0.5
Z2MsRSxX8V,0.5
4kesnMUTLU,0.5
ztBFsCnl0i.jpeg,0.5
alXpxrAqLw.jpeg,0.5
QjSAjqK0JF.jpeg,0.5
alihjnrW4B,0.5
Tx0WnQyjUs,0.5
2RpYfQMRV6,0.5
QQWVXtc402.jpeg,0.5
AgUBOSvFTu,0.5
c48kSfkm6c.jpeg,0.5
qyi0KvhE5r.jpeg,0.5
62WUXG7gHH.jpeg,0.5
Q3xpiqZmQH.jpeg,0.5
ClFkUNVmMh.jpeg,0.5
11kFDwoijA.jpeg,0.5
oyswvMnoky,0.5
zywTjOni8G,0.5
ygAWRR1vHT.jpeg,0.5
pDyrrQvWmY.jpeg,0.5
aOaWfNcTiu.jpeg,0.5
OGqHhnysB6,0.5
8tkPHGRtT8.jpeg,0.5
QnOYaKHUC1.jpeg,0.5
kDdv5KlnyB.jpeg,0.5
78suVpzL5Y.jpeg,0.5
FPEBbBPzss.jpeg,0.5
RF3Yg9rReY.jpeg,0.5
HiDXQdfmne.jpeg,0.5
QaNgQthOAR.jpeg,0.5
IZqYo37Cgn.jpeg,0.5
Ox7910IVKj.jpeg,0.5
hinoiFzIn0.jpeg,0.5
M24CLYh0kB.jpeg,0.5
slovLcOAFi.jpeg,0.5
QC7kQJVWFN.jpeg,0.5
jwUhWvlrft.jpeg,0.5
mTCIFgXFau.jpeg,0.5
b3pWNgXSBm.jpeg,0.5
JrwBVuoaAl.jpeg,0.5
ARLEk82e3O.jpeg,0.5
iaHjqTfeOx.jpeg,0.5
1fTEAJtDVV,0.5
DKTCw4QlTQ.jpeg,0.5
PeF309IEwx.jpeg,0.5
Swl9JuME45.jpeg,0.5
fPowDyaVsI.webp,0.5
zYGRpPCsTX.jpeg,0.5
8zuvwIJvKt.jpeg,0.5
r6EexRbni0.jpeg,0.5
BTS0QVcex2.jpeg,0.5
Blh5w8QUqd.jpeg,0.5
my3g77ipYu.jpeg,0.5
63NHt5fUHg.jpeg,0.5
HxlSm6myVp.jpeg,0.5
HmlE9CeaPQ.jpeg,0.5
20kFo0P1BQ,0.5
Rd69o4ssKn,0.5
0xNJxKoGJl,0.5
RbtNqJYsKp.jpeg,0.5
Kd24ZC8sx0.jpeg,0.5
6qhEglJCAe,0.5
320dtg2GLo.jpeg,0.5
p6codywAKt.jpeg,0.5
RHcLEwNMM6.jpeg,0.5
JGJrDoO1vV.jpeg,0.5
CmJVlrwbrK.jpeg,0.5
4JpqZjF2xb.jpeg,0.5
JiOLnPdtqs.jpeg,0.5
C3vFHT3dJX.jpeg,0.5
7vSkv2ws1e.jpeg,0.5
ClXCmmYMS0.jpeg,0.5
KIGQgccFax.jpeg,0.5
k6mrmtm0W6.jpeg,0.5
hwVr6c9EeW.jpeg,0.5
9XR16A0mRX.jpeg,0.5
R4bsfTUi4a,0.5
SfMGtj96TV.jpeg,0.5
ILvSkfykNW.jpeg,0.5
jx0e5Brhg4.jpeg,0.5
3S9QRP9lrW,0.5
hjrsJjaw2X.jpeg,0.5
8PypsUEJh2.jpeg,0.5
RHu4DBQbmP.jpeg,0.5
hLsK7eZx6y.jpeg,0.5
mUBXso6Wy3.jpeg,0.5
iLfMMbTFhI.jpeg,0.5
5ub2eoY4gg,0.5
Jm1bwQmyh7.jpeg,0.5
yE4nT85ZOC.jpeg,0.5
bhkzl42F3N.jpeg,0.5
JnNuYVUXmR.jpeg,0.5
r1hgjBm8Lg,0.5
dU0Gax8yTS.jpeg,0.5
3pMc2cHBCF,0.5
Q5bVZpuyMU.jpeg,0.5
k9vN4PTMEP.jpeg,0.5
zF1WvzT4eI.jpeg,0.5
0HBgVT0VvK,0.5
GY1enBhVsI,0.5
9ryYrC6eGj.jpeg,0.5
QhS0oEgYbs.jpeg,0.5
Qj7yxKzkLl.jpeg,0.5
RxzQurNvcC.jpeg,0.5
qEhP2lSqSi.jpeg,0.5
jV0E6SZMRM.jpeg,0.5
cLU5edSTRU.jpeg,0.5
iGsBpsOaog.jpeg,0.5
QUISUhn6zi,0.5
LxWQuoeNH5.jpeg,0.5
HncXc1mNlp.jpeg,0.5
10Slzb9e4j,0.5
rH9DrveZ5I.jpeg,0.5
z6r1XKXtp9,0.5
55lnIJx3Zk.jpeg,0.5
9G5hsaq7xp.jpeg,0.5
aJ0VSzX2A7,0.5
acS4O0bYkZ.jpeg,0.5
0kX8W174U6,0.5
sgQvpUG9d7.jpeg,0.5
2LcsWzKuIZ.jpeg,0.5
pDQKpV3lsI.jpeg,0.5
fZK9zAbwaf.jpeg,0.5
9UdFUds6Fe.jpeg,0.5
mpYWoGTsxX.jpeg,0.5
Q0W9EXQsAB.jpeg,0.5
oSNqvC10nf.jpeg,0.5
oMi7JMqIAo.jpeg,0.5
vvBXYOFZXJ,0.5
QyT91QV9db.jpeg,0.5
AFmRTYidLu.jpeg,0.5
IOrgbz0eFO.jpeg,0.5
8vLp4DfOwZ.jpeg,0.5
kVr0ioSRXI,0.5
I3szcAk71U.jpeg,0.5
qf8m3BpZ1D.jpeg,0.5
HsyatThw2Y.jpeg,0.5
P1B0b8CIF5.jpeg,0.5
rjrvTPJU3I.jpeg,0.5
k0n8ADLeaf.jpeg,0.5
0R1JRbHS33.jpeg,0.5
8SbfEKcYZL.jpeg,0.5
j5UB3aadV5.jpeg,0.5
8hDLOsyy0A.jpeg,0.5
zff4lT6JFx.jpeg,0.5
peGweiJb06.jpeg,0.5
hUnXgo2dLh.jpeg,0.5
1QLriRRVHa.jpeg,0.5
r0aVK1ABv9.jpeg,0.5
Kd3kcuZb8r.jpeg,0.5
BPvM33iYku.jpeg,0.5
hj9GKe87WJ.jpeg,0.5
LXV7ZxkS4P.jpeg,0.5
j5DzhXZxrM.jpeg,0.5
IUENvk2AnW.jpeg,0.5
66ImTvLigX,0.5
Q3wFByECeN.jpeg,0.5
JPSmOZOi5p.jpeg,0.5
i9p0YOdPeN.jpeg,0.5
b9CdNURYTU.jpeg,0.5
6PSRCa1kQf.jpeg,0.5
3CvCoUyi46.jpeg,0.5
raASHjhyzs.jpeg,0.5
ufRMShYCAN,0.5
uqJzRnUDUR.jpeg,0.5
ZZdypQnzdW.jpeg,0.5
eYjjwfVtVX,0.5
7qpbhhkzQW.jpeg,0.5
9G5182hQ9P.jpeg,0.5
r8V5jWWDvk.jpeg,0.5
C7rJv18MLh,0.5
bqodLX6Y71.jpeg,0.5
j3ujTADBT9.jpeg,0.5
pjyqkJ0x4X.jpeg,0.5
iPBwz3OUuK.jpeg,0.5
k5A9ToNBnT.jpeg,0.5
S9QIVfiqa6.jpeg,0.5
8vt6B4GpXL.jpeg,0.5
YL2iLPQAgZ,0.5
bFowMZqnZD.jpeg,0.5
ieCXBPlp5Z.jpeg,0.5
ZJu8wbxVYr.jpeg,0.5
JdBunFjo7U.jpeg,0.5
Qrme6EUmL1,0.5
4369Dl8wfs.jpeg,0.5
BrNEvRNpPu.jpeg,0.5
DuwXCNmeMx.webp,0.5
Zx8GAhtKvo.jpeg,0.5